Tender No.,Description,Bid Security Amount(Rs.),Closing Date and Time,Attachment
CMS/LP/26/SQ/10/109,RENEWAL OF PROFESSIONAL VIDEO CONFERENCE SOLUTION - ZOOM PRO VIDEO,,2026-08-28 13.30,download
CMS/LP/26/SQ/19/173,TUMBLER GLASSES 3/4 PINT,,2026-08-28 13.30,download
CMS/LP/26/SQ/19/173,TUMBLER GLASSES 3/4 PINT,,2026-08-28 13.30,download
CMS/LP/26/SQ/19/170,"GARBAGE BAG 48"" X36"" 100 Bags Per Pkt",,2026-08-28 13.30,download
CMS/LP/26/SQ/19/172,"PVC CABLE,SWITCHES TUMBLER,SUNK BOXES",,2026-08-28 13.30,download
CMS/LP/26/SQ/19/171,"PVC CABLE SINGLE CORE 1/1.13mm (1/044"") (100M ROLL)",,2026-08-28 13.30,download
CMS/LP/26/SQ/06/150,REGULATORS FOR CEILING FAN,,2026-08-28 13.30,download
CMS/LP/25/FQ/01/157,ASPHALT CONCRETE WEARING COARSE WITHOUT TRANSPORT,,2026-08-28 13.30,download
CMS/LP/26/SQ/03/141,"UMBRELLA GENT, DOUBLE RIB",,2026-08-28 13.30,download
CMS/LP/26/SQ/18/020,Ready Mixed Concrete 30G,,2026-08-28 13.30,download
CMS/LP/26/SQ/08/169,Weed Killer (4 Ltr Can),,2026-08-28 13.30,download
CMS/LP/26/SQ/03/101,SURGICAL MASK,,2026-08-31 13.30,download
CMS/LP/26/SQ/03/101,SURGICAL MASK,,2026-08-31 13.30,download
CMS/LP/26/SQ/05/141,"BED SHEETS 90"" X 54""",,2026-08-31 13.30,download
CMS/LP/26/SQ/19/007,Iron Racking System,,2026-08-31 13.30,download
CMS/LP/25/SQ/04/195,GLOVES LEATHER (FOR GENERAL USE),,2026-08-31 13.30,download
CMS/LP/26/SQ/10/138,REFRIGERANT GAS R32 10kg CYLINDER,,2026-08-31 13.30,download
CMS/LP/26/SQ/17/156,TEMPORARY PERMITS,,2026-09-02 13.30,download
CMS/LP/26/PT/09/176(KC),"65,000kg of Fish","1,100,000.00",2026-09-17 13.30,
