0,1,2,3,4,5,6,7
The SL,PA was establ,ished by t,he SLPA A,ct. No. 51 of,1979 on,the 1st Au,gust 1979and
,,,,,,,
subsequ,ently amended,by Act No,s. 7 and 35,of 1984.,,,
,,,,,,,
Section,6(1) of the SL,PA Act def,ines its obje,cts and duties,as follows,.,
,,,,,,,
,Provision of ef,ficient and,regular serv,ice for Steved,"oring, shi",pping and,"transshipping,"
,,,,,,,
,landing and wa,"rehousing,","wharfage, th",e supply of w,"ater, fuel a",nd electri,"city to vessels,"
,,,,,,,
,for handling pe,"troleum, pe",troleum pro,ducts and lubr,icating oil,s to and fro,m vessels and
,,,,,,,
,between bunke,rs and de,"pots, for pil",otage and m,ooring of,"vessels, f",or diving and
,,,,,,,
,underwater shi,p repairs an,d any other,services incid,ental there,to.,
,,,,,,,
,Provision of eff,icient and,regular tally,and protectiv,e services.,,
,,,,,,,
,Regulation and,control o,f navigation,within the li,mits of an,d the app,roaches to the
,,,,,,,
,Ports.,,,,,,
,,,,,,,
,Maintenance o,f Port in,stallations a,nd promotio,n of the,"use, imp",rovement and
,,,,,,,
,development of,the specif,ied ports.,,,,
,,,,,,,
,Co-ordination,and regulat,ion of all a,ctivities withi,n any spec,ified port,excluding the
,,,,,,,
,functions of the,Customs,Department.,,,,
,,,,,,,
,Establishment,and mainte,nance on an,d off the coast,of Sri La,nka such li,ghts and other
,,,,,,,
,means for the g,uidance an,d protection,of vessels as,are necess,ary for nav,igation in and
,,,,,,,
,out of the speci,fied ports.,,,,,
,,,,,,,
,Performing suc,h other dut,ies as are im,posed on the,Ports Auth,ority by t,he Act.
,,,,,,,
,Conducting th,e business,of the Por,ts Authority,in such m,anner an,d to make in
,,,,,,,
,accordance wit,h this Act,such charge,s for services,rendered,by the Au,thority will
,,,,,,,
,secure that the,revenue o,f the Autho,rity is not le,ss than su,fficient fo,r meeting the
,,,,,,,
,charges which,are proper,to be made t,o the revenue,of the Aut,"hority, to","replace assets,"
,,,,,,,
,make new inve,stments an,d to establis,h and maintai,n an adequ,ate genera,l reserve and;
,,,,,,,
,Endeavour to m,anage the,specified por,ts and each of,them as se,lf- suppor,ting enterprise
,,,,,,,
,in accordance w,ith the pro,visions of t,he Act.,,,
,,,,,,,
In term,s of Section 5,(1) of the,"SLPA Act, t",he Ports Aut,hority has,a Board o,f 10 Directors
,,,,,,,
appoint,ed by the Hon.,Minister.,,,,,
,,,,,,,
The Ch,airman is the Ch,ief Execut,ive and is in,charge of the,overall adm,inistratio,n of the SLPA.
,,,,,,,
,,,,,,,8
Sri Lan,ka Ports Auth,ority – An,nual Repor,t 2024,,,
